<?xml version="1.0" encoding="utf-8"?>
<instructionals module="Qt">
  <tutorials>
    <tutorial imageUrl="images/icons/buildrun.png" difficulty="" docUrl="qthelp://com.nokia.qtcreator/doc/creator-build-example-application.html" projectPath="" name="Building and Running an Example Application">
      <description><![CDATA[You can test that your installation is successful by opening an existing example application project.]]></description>
      <tags>qt creator,build,compile</tags>
    </tutorial>
    <tutorial imageUrl="images/icons/qwidget.png" difficulty="" docUrl="qthelp://com.nokia.qtcreator/doc/creator-writing-program.html" projectPath="" name="Creating a Qt Widget Based Application">
      <description><![CDATA[This tutorial describes how to use Qt Creator to create a small Qt application, Text Finder.]]></description>
      <tags>qt,c++,text,qt designer,qt creator</tags>
    </tutorial>
    <tutorial imageUrl="images/icons/qtquick.png" difficulty="" docUrl="qthelp://com.nokia.qtcreator/doc/creator-qml-application.html" projectPath="" name="Creating a Qt Quick Application">
      <description><![CDATA[This tutorial uses basic elements and illustrates basic concepts of Qt Quick.]]></description>
      <tags>qt quick,qml,states,transitions,visual designer,qt creator</tags>
    </tutorial>
    <tutorial imageUrl="images/icons/components.png" difficulty="" docUrl="qthelp://com.nokia.qtcreator/doc/creator-qml-components-example.html" projectPath="" name="Qt Quick Components">
      <description><![CDATA[This tutorial describes how to use Qt Creator to create a small Qt application, Battery Status, that uses the System Information Mobility API to fetch battery information from the device. ]]></description>
      <tags>qt quick,qml,components,symbian,visual designer,qt creator</tags>
    </tutorial>
    <tutorial imageUrl="images/icons/developing_with_qt_creator.png" difficulty="" projectPath="" name="Qt SDK 1.1: Developing with Nokia's Qt Creator" isVideo="true" videoUrl="http://youtu.be/h0TxFBCyMWo" videoLength="3:40">
      <description><![CDATA[Lauri Jääskelä from Forum Nokia gives you a kick-start with Qt SDK 1.1 and Qt Quick. ]]></description>
      <tags>qt sdk,qt creator</tags>
    </tutorial>
    <tutorial imageUrl="images/icons/qt_sdk.png" difficulty="" projectPath="" name="Qt SDK 1.1" isVideo="true" videoUrl="http://youtu.be/n-lPFyqG6Vs" videoLength="3:31">
      <description><![CDATA[Christian D. Kamm, software engineer at Nokia, Qt Development Frameworks, introduces the new features delivered in the Qt SDK 1.1. Christian discusses the capabilities of Qt Quick and the Qt Mobility APIs.]]></description>
      <tags>qt sdk,qt creator,qt quick</tags>
    </tutorial>
    <tutorial imageUrl="images/icons/qt_quick_1.png" difficulty="" projectPath="" name="Qt Quick Elements, Part 1" isVideo="true" videoUrl="http://youtu.be/vGIVWfLVZLM" videoLength="5:04">
      <description><![CDATA[In this video Nigel Hietala describes how QML Elements are used. Nigel creates a new Qt Quick based application project using Qt SDK, shows how a basic UI is built using elements and is previewed in the Qt Quick viewer.]]></description>
      <tags>qt quick,qml,qt sdk,qt creator</tags>
    </tutorial>
    <tutorial imageUrl="images/icons/qt_quick_2.png" difficulty="" projectPath="" name="Qt Quick Elements, Part 2" isVideo="true" videoUrl="http://youtu.be/fakxsSDBC-Q" videoLength="5:14">
      <description><![CDATA[In this video Nigel Hietala describes how QML Components are created and used. Nigel shows how a reusable Qt Quick component is created by defining a separate QML file.]]></description>
      <tags>qt quick,qml,qt sdk,qt creator</tags>
    </tutorial>
    <tutorial imageUrl="images/icons/qt_quick_3.png" difficulty="" projectPath="" name="Qt Quick Elements, Part 3" isVideo="true" videoUrl="http://youtu.be/UjjIk4e_6Q4" videoLength="5:50">
      <description><![CDATA[In this video Nigel Hietala describes how to use the States and Transitions of Qt Quick. Nigel creates a simple application using a state to control the visibility of an image when a button is clicked.]]></description>
      <tags>qt quick,qml,qt sdk,qt creator</tags>
    </tutorial>
    <tutorial imageUrl="images/icons/ddays09.png" difficulty="" projectPath="" name="Qt Creator Bootcamp" isVideo="true" videoUrl="http://developer.qt.nokia.com/videos/watch/qt_creator_bootcamp" videoLength="58:29">
      <description><![CDATA[All you need to start with Qt Creator - a cross-platform IDE Are you developing cross-platform applications with Qt, but are missing a cross-platform development environment?]]></description>
      <tags>qt sdk,qt creator</tags>
    </tutorial>
    <tutorial imageUrl="images/icons/ddays10.png" difficulty="" projectPath="" name="Qt Quick - Rapid User Interface Prototyping" isVideo="true" videoUrl="http://developer.qt.nokia.com/videos/watch/qt_quick_rapid_user_interface_prototyping" videoLength="1:09:53">
      <description><![CDATA[Skip Flash & PhotoShop. Go straight to Qt Quick! Creating an application with a great user experience is a challenge. Traditionally a lot of effort goes into upfront design where tools such as Flash or PhotoShop are used to prototype ideas.]]></description>
      <tags>qt quick,qml,qt sdk,qt creator</tags>
    </tutorial>
    <tutorial imageUrl="images/icons/ddays10.png" difficulty="" projectPath="" name="Qt Creator! Getting the Most out" isVideo="true" videoUrl="http://developer.qt.nokia.com/videos/watch/getting_the_most_out_of_qt_creator"  videoLength="1:16:27">
      <description><![CDATA[A quick intro plus hidden wonders! In this session, we will provide a very quick introduction to Qt Creator, then dive into the hidden wonders of this powerful and easy-to-use cross-platform Qt IDE.]]></description>
      <tags>qt sdk,qt creator</tags>
    </tutorial>
    <tutorial imageUrl="images/icons/ddays10.png" difficulty="" projectPath="" name="Meet Qt Quick" isVideo="true" videoUrl="http://developer.qt.nokia.com/videos/watch/meet_qt_quick" videoLength="1:08:24">
      <description><![CDATA[The fundamental elements behind Qt Quick and how to quickly create fluid, animated user interfaces! Qt Quick is a set of technologies that makes it easier for developers and designers to create modern and attractive UIs.]]></description>
      <tags>qt quick, qml</tags>
    </tutorial>
  </tutorials>
</instructionals>
